mean_h,mean_s,mean_v,label
34.32875061035156,159.33193969726562,116.91952514648438,mentah
61.66363525390625,138.85946655273438,127.98220825195312,mentah
47.14288330078125,126.64115905761719,136.20645141601562,mentah
46.68553161621094,132.3524169921875,128.12744140625,mentah
27.641921997070312,163.6944122314453,122.99310302734375,mentah
45.37382507324219,180.6748046875,149.6216278076172,mentah
44.474029541015625,142.76280212402344,43.08341979980469,mentah
29.232437133789062,174.17332458496094,137.05250549316406,mentah
41.74241638183594,199.98733520507812,112.37106323242188,mentah
43.4312744140625,176.8240203857422,142.0657196044922,mentah
33.18919146357883,197.2771475696782,134.24262824828327,mentah
39.944061279296875,125.52276611328125,136.2195587158203,mentah
34.763427734375,169.96109008789062,131.4432830810547,mentah
33.55567932128906,155.92356872558594,126.35295104980469,mentah
34.7218017578125,162.75730895996094,117.01518249511719,mentah
32.201837832837384,202.67349172821042,112.53898456652122,mentah
37.83833312988281,158.11636352539062,140.3112335205078,mentah
39.581181754820726,185.64468365213352,168.48684271664214,mentah
39.1875,159.4831085205078,151.90701293945312,mentah
47.661224365234375,120.25148010253906,161.6602783203125,mentah
33.57563781738281,180.08343505859375,90.54507446289062,mentah
39.45794677734375,219.30380249023438,126.0958251953125,mentah
39.67958068847656,185.5091552734375,135.78553771972656,mentah
41.10919189453125,187.6307373046875,144.24563598632812,mentah
38.00335693359375,214.86447143554688,164.46493530273438,mentah
41.6963582601768,158.34968056257756,136.81101867598167,mentah
43.001861572265625,114.17933654785156,126.99720764160156,mentah
43.45381357904044,131.18451300665458,155.98855228256318,mentah
35.82508639407933,171.4462674699532,139.66540261170064,mentah
37.49189758300781,208.6667938232422,138.8954315185547,mentah
44.8037109375,178.95542907714844,179.63465881347656,mentah
55.2808837890625,132.60458374023438,100.02516174316406,mentah
41.596221923828125,124.59146118164062,133.08816528320312,mentah
39.50127763751817,195.56535842705227,179.4934894040242,mentah
37.77425038639876,171.8838485316847,130.81508500772796,mentah
51.05494689941406,129.54617309570312,84.24090576171875,mentah
31.714920043945312,167.8547821044922,148.3931121826172,mentah
49.837267995986956,133.94513418610484,119.2290726109857,mentah
39.28108215332031,180.80592346191406,142.34231567382812,mentah
39.02093505859375,131.14883422851562,147.71099853515625,mentah
35.40275573730469,147.54391479492188,110.793701171875,mentah
36.07170468609146,131.42570551116134,156.13039160262187,mentah
38.2874755859375,144.4302978515625,148.06158447265625,mentah
48.0953369140625,87.73385620117188,154.50704956054688,mentah
28.795204795204793,128.92158688768856,175.78963409471882,mentah
36.98408297077027,173.38177890802132,144.7227005331209,mentah
42.72766224425776,141.336363219024,130.9034721265819,mentah
38.54759216308594,199.9225616455078,124.00997924804688,mentah
66.20939636230469,97.146484375,136.78060913085938,mentah
45.12358093261719,160.85836791992188,149.21812438964844,mentah
28.460067749023438,143.1310272216797,153.59329223632812,mentah
43.515838623046875,115.90525817871094,99.52880859375,mentah
39.41719055175781,155.78848266601562,139.18577575683594,mentah
28.941178653603505,145.2468640985675,203.34127514287835,matang
66.16347756517101,157.9317732293264,207.1650110007334,matang
104.49729595015577,173.1583800623053,172.46783800623055,matang
60.39360861759425,147.1137881508079,217.73461400359065,matang
97.35128231068846,164.78767261874654,218.42586878446053,matang
95.99447091143026,138.7175991932399,181.01749139339984,matang
65.78783133362504,139.32593326117495,188.13720839186607,matang
58.8451250535224,164.42447673979296,188.17731657557363,matang
89.86807896003852,148.38171313520377,179.05326738740317,matang
48.52782645947735,141.67909023639834,223.75359270942866,matang
77.17116360722055,152.21745601648666,209.9553867877724,matang
89.99074030105893,165.91799230732704,202.24863478797664,matang
58.18073155768051,133.25289301656477,198.21796526264572,matang
40.90411012020163,162.4088406359054,190.91934858472274,matang
41.82647914387126,59.39633316431374,215.5926983533933,matang
20.83031203566122,123.54115898959881,200.33650321941556,matang
107.82883748873536,162.45040552718535,169.64157404626013,matang
96.44536781570987,161.68164744207692,208.75836851377855,matang
74.24633596392334,160.85379727375218,190.46853541047454,matang
38.73087071240105,155.69938582293074,189.67546174142478,matang
127.15606221279604,155.05105287077717,218.47505428470436,matang
89.27578912576433,160.33872087258302,210.69823169724012,matang
133.12762145332786,176.86001292369147,190.3196851318804,matang
93.84293048973143,137.86544233807265,214.1109399684044,matang
60.10293646342441,143.404935501963,208.71979408701227,matang
65.58910804064269,144.30731638716028,204.00481665084553,matang
27.248308856252784,165.380551846907,216.45912327547842,matang
91.74624840753793,129.38640988732814,202.6583114111282,matang
124.50710422812193,148.56789577187809,221.9405358898722,matang
39.400129842025535,149.78781648993723,185.7300367885739,matang
66.52149196719469,153.71448151893046,202.59564093922032,matang
70.67588816755293,102.4468404397612,205.12409878315336,matang
32.24725974050645,151.1823483596436,179.7771888831899,matang
62.00534711501891,137.44161800568273,209.64597176544288,matang
88.91525238147378,139.123918756159,212.86546041826344,matang
52.2843577700633,146.17847661833775,218.03103941188482,matang
109.38525638682796,170.39843207485106,190.4055772815321,matang
140.0829713612604,144.01284694102924,210.91739674593242,matang
88.03598153160324,156.95003449556864,209.8481664278512,matang
87.78837616036594,124.79384725772456,221.82079913897485,matang
61.74666968138225,139.284023891621,181.86185065852695,matang
29.835481513955866,162.38275610112524,176.1920794972965,matang
119.04591795777475,124.95863102405609,216.1188889780846,matang
47.456371258652624,152.64916642293068,210.58701374670957,matang
63.3300268285795,129.75218864727478,205.27453402993507,matang
69.14798868876264,154.6026800499325,173.718543805569,matang
80.74856095325389,149.37437213565536,187.2165719523373,matang
55.97529666561386,128.84571132066958,211.4398095925642,matang
58.27968703204552,147.54941599281221,200.14959568733155,matang
99.03053582644827,167.61549983089336,229.6380393293714,matang
58.75843249185197,68.32538136655546,143.07883825429582,busuk
34.10418701171875,52.380767822265625,155.31378173828125,busuk
25.81866455078125,44.858367919921875,165.8343505859375,busuk
17.389373779296875,130.7589111328125,105.24691772460938,busuk
13.837165107873458,114.64806051347021,119.03163542869918,busuk
14.023922466672119,85.93743354870368,127.99497014803303,busuk
14.454994817826675,49.53117276568604,177.12273778202982,busuk
56.269817760319405,86.32255779509306,138.2205550904759,busuk
17.79175288205735,50.95979899497488,176.58128879692583,busuk
17.389373779296875,130.7589111328125,105.24691772460938,busuk
14.06127757321893,85.14238421781576,142.39597338107623,busuk
63.598993891484014,89.67780572523657,125.41537908731586,busuk
56.05419664268585,116.90739979445016,147.7877012675574,busuk
40.21412658691406,78.78335571289062,108.55612182617188,busuk
28.981547180757303,158.10549568244193,128.3419907624339,busuk
21.83385757423251,79.71631227981882,118.1625566180171,busuk
58.23936462402344,109.0859375,125.53147888183594,busuk
20.16279385786112,101.85093083299361,130.95556461475744,busuk
13.18188166190877,106.08662791891724,156.71647737774947,busuk
59.15206124151078,104.09424520433694,155.3452281663291,busuk
31.944454730605443,63.0601946141661,126.54679174638441,busuk
13.713311511183852,105.23546938604223,157.72569138444754,busuk
35.04367581902267,38.186070955014394,172.44885352996346,busuk
38.70319963947724,118.09613940213309,151.42394471984377,busuk
39.14174539522871,30.011469448786787,183.55580099231972,busuk
64.71759363892257,65.60734318177148,93.44735057837316,busuk
80.89980838676394,52.2839560763505,121.67584199277765,busuk
14.618376250266014,70.41992977229198,153.62864439242392,busuk
16.191638638747243,48.76612057430111,176.82441864670355,busuk
31.09508153818473,54.514467507401406,140.5320509674992,busuk
50.997711181640625,82.70716857910156,136.87307739257812,busuk
39.42460909696232,87.04764310150851,169.96741900672745,busuk
28.376823894238612,38.934731516239594,181.26711277950056,busuk
28.403868197155358,41.977349413151224,171.4102613777627,busuk
60.0155029296875,39.82696533203125,136.14495849609375,busuk
14.392181333693122,83.42071710459743,142.2867743785206,busuk
15.260729466611819,73.49379542026601,150.63999725764432,busuk
58.65287687870047,96.0020494914225,131.22411568240472,busuk
19.220245361328125,114.81602478027344,143.13784790039062,busuk
17.92174348107599,60.487580198952266,164.11763494025547,busuk
13.88159710244912,108.58449034149706,155.19439893066573,busuk
60.88380089083379,45.86059232632648,110.11778802323461,busuk
35.755064371741035,43.48645655484288,175.55961115469213,busuk
18.279494698849536,81.58342154123791,102.24959655728885,busuk
14.237852328431373,41.1906556372549,150.83241421568627,busuk
15.211143296822666,72.1390875350774,147.41260070607404,busuk
19.04773810714405,144.15288195486215,111.32856618995233,busuk
11.185504838942656,127.98447204968944,182.1965549617218,busuk
44.95297604346752,88.41580637194369,135.3278834280069,busuk
11.91786603181474,109.1380081520759,150.86004400678138,busuk
53.95697565965641,127.39329662725275,176.76799951860878,menuju_busuk
15.650678589380671,121.5700679912167,197.0223815444853,menuju_busuk
70.172387966546,150.01847459742854,178.76197312029294,menuju_busuk
142.47085750543872,156.18385152284264,190.67403915881073,menuju_busuk
84.5810546875,103.34913635253906,175.03468322753906,menuju_busuk
30.61519064508978,128.2944469075593,180.92149745067613,menuju_busuk
28.773343605546994,139.4384283513097,166.36323574730355,menuju_busuk
57.83078140370387,114.50203156409052,187.65824815020744,menuju_busuk
54.36887102864232,156.1659474621069,193.54223528777172,menuju_busuk
69.11212158203125,154.04737854003906,183.74795532226562,menuju_busuk
53.78001591204976,139.1776725010849,214.09511066107336,menuju_busuk
44.30007801385893,127.71183822067213,132.2240221498172,menuju_busuk
36.60718060122123,152.92543447627995,153.78167566932834,menuju_busuk
46.379248374649826,168.54577408953963,166.1181087795338,menuju_busuk
56.96643007864953,113.88943027047765,195.16362938806827,menuju_busuk
76.41417658953046,124.70935370328766,137.1708230360219,menuju_busuk
32.423930103588994,185.65289839907922,134.843203934289,menuju_busuk
65.36627442434808,129.08418682356358,144.22699208251615,menuju_busuk
103.20021035234016,128.90785816242206,154.40537900984148,menuju_busuk
71.91435241699219,61.41217041015625,159.98251342773438,menuju_busuk
27.476173078755917,114.28334974743463,167.8940972773771,menuju_busuk
59.72900390625,95.95904541015625,135.98983764648438,menuju_busuk
25.748352596170434,135.47835087114026,175.39996549939625,menuju_busuk
123.60115807996071,98.2067766092401,176.28782174571347,menuju_busuk
22.580563061647712,138.43134544083455,226.6459812731729,menuju_busuk
85.36445242369838,100.38084979054457,159.07959305804906,menuju_busuk
25.541912064303443,153.75749157313777,130.5787680112605,menuju_busuk
121.24147092460633,82.06958740212897,176.20248086566377,menuju_busuk
24.05172125668449,119.62708890374331,145.82422571301248,menuju_busuk
59.837664446970926,111.57286421958746,168.05806399220398,menuju_busuk
44.05579069965628,158.59702298099592,132.65250120728345,menuju_busuk
61.25549377813079,137.477760127085,138.4395684405613,menuju_busuk
66.27780732943252,102.79904252638651,153.53856490943195,menuju_busuk
119.51902455897614,159.25216188170182,108.847531748777,menuju_busuk
36.919646814168345,132.92407868271232,174.1270582620257,menuju_busuk
131.7414961856776,115.86090370100568,161.0760840972096,menuju_busuk
87.94955372552887,119.98791853641698,206.58121702253564,menuju_busuk
101.3894498486564,101.32736431063564,174.93075163474202,menuju_busuk
48.91065752049523,153.79672076292454,176.4717416764263,menuju_busuk
74.56767283349562,126.27612163882856,138.81046363568274,menuju_busuk
61.11160126038384,140.2739902606703,150.61847608135204,menuju_busuk
111.25775805946037,162.3299496057676,131.80700696838906,menuju_busuk
26.22646947809079,163.6333596403939,122.73156504134784,menuju_busuk
127.1123468898024,121.94910585731277,164.59714542077919,menuju_busuk
53.32258064516129,124.69770022576817,185.43037538744116,menuju_busuk
12.330521746912476,133.05919992840523,169.5903884016467,menuju_busuk
56.24626329405002,120.75047906486539,194.9965028264827,menuju_busuk
69.62195638066756,134.2278306012471,156.10391332562142,menuju_busuk
54.8182797353439,123.00209262963534,164.2836436374827,menuju_busuk
83.93428942843964,110.9247704113725,135.91499979033003,menuju_busuk
34.72310581509365,123.00601618719982,192.52113144205683,menuju_matang
46.42870864461046,165.99983991462113,219.90752401280685,menuju_matang
26.688319754484674,165.4595740016806,186.60008768404515,menuju_matang
21.203033581348112,171.72695560020313,192.07921753913408,menuju_matang
32.14208136536838,119.1104113902389,229.23273324662878,menuju_matang
42.63917599513608,138.28044419012195,184.88428525446156,menuju_matang
25.98720272054053,148.25390965836635,167.70521511510842,menuju_matang
21.582475199765106,145.72129359703027,230.30097942576708,menuju_matang
32.64871067908735,141.28743080869447,212.84044372440482,menuju_matang
27.92221541394336,180.84014161220045,183.4138071895425,menuju_matang
39.641932615354214,139.15684220926786,209.4608635510325,menuju_matang
42.889535388623536,133.4141554494138,198.50056448111158,menuju_matang
35.857574833562026,149.28439294607918,194.45517609391678,menuju_matang
22.17049056384309,154.13734042862544,188.85838494867545,menuju_matang
34.226148130582565,159.9574341949253,179.2451980080626,menuju_matang
46.020191999999994,109.507808,219.656928,menuju_matang
23.279113981350154,157.97769864501916,208.20584241180555,menuju_matang
17.473190232032675,144.88709046667245,236.28337099157034,menuju_matang
59.29545961209779,116.83640484506205,212.95125213643456,menuju_matang
23.675599973110447,145.15862594393528,199.6675779236785,menuju_matang
33.47031720305626,176.43970826580227,222.58620050937716,menuju_matang
29.139419386879766,165.39410357126732,195.3140999593661,menuju_matang
20.146138379657007,146.23654642223536,223.27027794204614,menuju_matang
26.286949820174687,155.12031169720842,203.86825655077922,menuju_matang
28.490732360001576,191.06996969816223,170.2619338081933,menuju_matang
27.503936406023083,122.70641290223955,193.42824020994166,menuju_matang
30.77352954873562,141.29884040422854,185.1227820984492,menuju_matang
70.15217644094731,132.51009729059265,215.49451529129036,menuju_matang
30.211690222479824,183.639662936377,219.55468366846492,menuju_matang
26.021721867451944,173.65249975184463,162.75968633160178,menuju_matang
16.359242457197897,128.5364322779107,207.67526333778702,menuju_matang
24.868847664410463,137.86345784239992,185.46352469290548,menuju_matang
22.782429975494715,141.80503807541302,195.9347579773919,menuju_matang
26.182199746120144,170.3920805863806,192.8746775316326,menuju_matang
29.442046773185755,190.67600196375972,209.7281978041596,menuju_matang
22.061419240562383,188.4534263256947,186.69124321930698,menuju_matang
23.96393788484655,134.20614282560166,226.5776071437333,menuju_matang
29.288301383967777,149.8250204415372,206.93019593591956,menuju_matang
21.14186386679223,120.9049632316108,175.08980704109644,menuju_matang
33.23383018950886,127.41006023831508,202.4816866728224,menuju_matang
41.116121237963256,109.91877198592901,196.81615321749635,menuju_matang
25.58370517269873,127.06821186580731,177.3282102131879,menuju_matang
22.491603937463807,125.60654313839026,212.24507817023738,menuju_matang
34.66871717929482,152.22126245847176,176.45495659629194,menuju_matang
29.863630651687654,147.89208072582875,201.57382693709317,menuju_matang
27.86663101604278,175.91860962566844,182.5420320855615,menuju_matang
26.123745010281844,183.34961723893622,161.00533964644285,menuju_matang
26.185983827493263,164.0879874842139,133.31466646560986,menuju_matang
30.78338717838932,140.7498540344868,174.19181814643258,menuju_matang
34.715854649371025,113.11139439105706,212.72731347883337,menuju_matang
